date,tavg,tmin,tmax,prcp,snow,wdir,wspd,wpgt,pres,tsun
2/24/2022,3.1,1.9,4.2,,,261,5.9,14.8,1022,
2/25/2022,2.6,-1,6,,,177,6.5,20.4,1018.1,
2/26/2022,4,0,8,,,350,14,31.5,1023.9,
2/27/2022,2.1,0,4.5,,,6,8.9,24.1,1031.6,
2/28/2022,0.1,-2.8,3,,,25,13,35.2,1032.7,
3/1/2022,-0.5,-1.5,0.5,,,27,12.4,27.8,1029.4,
3/2/2022,0.8,0,2,,,39,9.6,22.2,1021.5,
3/3/2022,1.3,0.4,2.1,,,10,8.6,20.4,1012.7,
3/4/2022,1.2,0,2.5,,,350,14.1,33.3,1012.6,
3/5/2022,0.6,-1.6,1,,,359,13.8,33.3,1018.1,
3/6/2022,-0.6,-2,0.9,0.5,10,300,5.5,18.5,1022.1,
3/7/2022,-0.6,-1.5,1.8,,,302,8.2,24.1,1015,
3/8/2022,-1.2,-2.9,1.7,1.3,10,348,12.8,35.2,1015.1,
3/9/2022,-2.9,-3.8,0.1,2,,11,10.9,29.6,1021.3,
3/10/2022,-5,-7.8,-2.3,,51,26,16.1,42.6,1030.2,
3/11/2022,-4.1,-8.6,0.4,,20,22,15.3,42.6,1031.8,
3/12/2022,-0.6,-5.3,4.3,,,316,9.6,31.5,1027.5,
3/13/2022,-1.2,-1.7,-0.1,0.3,10,23,7.4,24.1,1029.3,
3/14/2022,1.7,-2.2,6.8,,,310,8.2,24.1,1034.4,
3/15/2022,3.7,-1.2,10.4,,,341,8.9,25.9,1031.3,
3/16/2022,-0.5,-4.8,4.8,,,104,8,27.8,1032.9,
3/17/2022,-1.7,-5.7,2.4,,,43,8.6,33.3,1039.2,
3/18/2022,-1.6,-5.7,3,,,32,8.5,29.6,1044.3,
3/19/2022,1.3,-3.9,6,,,4,5.3,25.9,1044.4,
3/20/2022,4.6,-0.9,9.9,,,351,9.3,29.6,1042.3,
3/21/2022,7.8,0.4,13.2,,,348,10.4,29.6,1037.7,
3/22/2022,9.6,3.7,16.5,,,358,6.7,22.2,1036,
3/23/2022,10.6,2.2,16.8,,,322,4.7,22.2,1028.9,
3/24/2022,5.9,2.3,9,,,310,10.9,37,1018.3,
3/25/2022,6.3,1.2,11,,,3,7.4,27.8,1021.3,
3/26/2022,8.8,3.7,15.7,,,278,17.1,50,1015.1,
3/27/2022,2.2,0.3,4.8,,,332,19.9,51.8,1019,
3/28/2022,7.4,-1.7,14.9,,,255,15.4,51.8,1018.9,
3/29/2022,11.4,8.7,18.7,,,260,15.5,38.9,1005.6,
3/30/2022,7.2,6.1,9.6,,,285,5,22.2,1005.2,
3/31/2022,8.9,4.2,16.4,,,96,6.2,25.9,1003.5,
4/1/2022,7.1,6,10.9,6.6,,70,8.2,22.2,997.7,
4/2/2022,3.5,3.3,4.5,4.1,,345,10.5,27.8,994.1,
4/3/2022,1,0,2.3,1.3,,325,9.7,27.8,1002.3,
4/4/2022,1.9,-2.3,6.1,,10,284,12.3,35.2,1012.2,
4/5/2022,3.1,-1.3,7.4,,,218,14.7,42.6,1006.3,
4/6/2022,8.2,2.6,12.8,,,243,13.6,37,1006.5,
4/7/2022,12.8,4.1,20.5,,,189,12.5,38.9,1004,
4/8/2022,8.7,6.4,14.6,,,213,11.7,35.2,998.3,
4/9/2022,8.4,3.5,13.1,,,208,7.3,25.9,1000.5,
4/10/2022,6.4,5.5,9,0.8,,346,10.9,31.5,1008.1,
4/11/2022,7.3,3.8,10.3,,,354,15.4,37,1011.9,
4/12/2022,6.7,4,9.9,,,339,18.1,48.2,1012.9,
4/13/2022,4.9,4.3,5.5,,,348,20.1,46.3,1015.2,
4/14/2022,8.6,5.2,14.1,,,354,12.9,37,1019.7,
4/15/2022,14.4,6.2,21.1,,,227,6.7,31.5,1016.9,
4/16/2022,8.8,4.6,13.4,,,328,11.3,35.2,1014.8,
4/17/2022,2.7,1.3,5.2,8.9,,343,13.1,33.3,1019.1,
4/18/2022,2.7,0.2,5.7,,,341,7.5,22.2,1014.6,
4/19/2022,5.1,2.1,7.7,1,,322,11.4,29.6,1010.4,
4/20/2022,6.6,3.7,9.7,0.8,,261,7.3,24.1,1009.6,
4/21/2022,5.7,4,7.7,,,179,7,25.9,1010.3,
4/22/2022,7.8,4.8,10.3,5.8,,145,7.8,25.9,1014.4,
4/23/2022,11.5,6.3,18.1,,,153,11.5,33.3,1009.6,
4/24/2022,12.6,9.2,17,,,246,8.2,29.6,1008.7,
4/25/2022,14.8,7.9,20.5,,,187,8.4,27.8,1007.9,
4/26/2022,12.6,10.3,16.3,4.1,,270,9.2,33.3,1009,
4/27/2022,13,8.2,17.2,,,323,7.1,27.8,1018.5,
4/28/2022,13.1,8.3,17.4,,,358,6.5,24.1,1023.5,
4/29/2022,10.9,6.2,14.3,,,27,4.5,22.2,1025.9,
4/30/2022,10.5,6.3,14.1,,,12,6.1,25.9,1024.3,
5/1/2022,11.3,5.9,15.6,,,71,4.1,20.4,1023.5,
5/2/2022,14.9,7.6,20.2,,,198,7.6,27.8,1019.4,
5/3/2022,15.1,8,21.3,,,247,6.7,31.5,1013.9,
5/4/2022,12.7,9.3,16.9,,,343,12.2,37,1015.3,
5/5/2022,10,4.2,16,,,41,7.8,25.9,1025,
5/6/2022,12.6,4.5,19.2,,,128,5.3,25.9,1026.8,
5/7/2022,14.5,7.6,20.6,,,181,9.3,31.5,1023.9,
5/8/2022,17.1,11.3,22.9,,,229,7.7,27.8,1021.1,
5/9/2022,14.1,11.1,17,,,0,11.2,37,1023,
5/10/2022,12,6.7,16.8,,,9,7.6,33.3,1023.2,
5/11/2022,14,6.7,20.6,,,298,6.2,27.8,1017.2,
5/12/2022,21.1,13,29.2,,,257,12.9,46.3,1011.6,
5/13/2022,16.4,11.9,20.5,,,283,9.6,37,1014.8,
5/14/2022,15.2,11.5,19.4,,,302,8,35.2,1011.4,
5/15/2022,13.8,9.1,18.1,,,297,11.7,40.8,1013.4,
5/16/2022,14.1,8.5,19.5,,,312,10.4,37,1016.3,
5/17/2022,13.9,8.8,19.7,,,301,11.4,44.5,1014.2,
5/18/2022,8.5,5.7,11.6,,,343,13.4,42.6,1017.4,
5/19/2022,14.5,7.3,20,,,322,10.1,33.3,1022.1,
5/20/2022,15.8,11.8,24,0.5,,274,5.5,25.9,1017.6,
5/21/2022,19.3,16.2,23.9,,,262,11,37,1006.2,
5/22/2022,11.6,10.2,13.2,,,297,13.5,40.8,1003.4,
5/23/2022,13.5,9.4,17.1,1,,337,7,27.8,1008.3,
5/24/2022,14.7,8,20.5,,,351,6.7,25.9,1013.1,
5/25/2022,18.3,11.1,24.1,,,227,6.5,25.9,1015.9,
5/26/2022,16.2,12.3,20.9,7.9,,266,11.7,37,1011.4,
5/27/2022,17,13.1,22.4,,,259,15.1,38.9,1011.1,
5/28/2022,14.1,9.8,18.9,5.5,,260,14.8,33.3,1009.8,
5/29/2022,15.5,9.4,21.1,0,,237,7.6,27.8,1013.9,
5/30/2022,15.3,12.7,19,3.6,,135,11.2,25.9,1013.7,
5/31/2022,15.8,13.9,18.4,0,,356,10.2,25.9,1017.4,
6/1/2022,20.4,13.1,27.1,5.8,,57,6.3,25.9,1017.6,
6/2/2022,23.3,15.3,28.8,9.5,,1,5,25.9,1016.9,
6/3/2022,17.9,13.7,22,0,,345,13.2,,1021.4,
6/4/2022,18.9,13.7,24.3,0,,87,5,,1021.3,
6/5/2022,18.6,15.2,21.4,0.3,,28,7.7,,1017.1,
6/6/2022,19.7,14.2,24.6,0,,14,8,,1018.4,
6/7/2022,21.6,14.4,27.1,0,,90,4.7,,1016.7,
6/8/2022,23.2,15.5,29.1,0,,137,6.7,,1013.2,
6/9/2022,24.6,16.7,30.3,0,,114,6.7,,1011.5,
6/10/2022,24.2,17.5,30.2,0,,97,7.8,,1013.6,
6/11/2022,25.6,17.9,31.9,0,,98,5.8,,1014.3,
6/12/2022,23.8,19.9,28.5,2.9,,350,12.6,,1013.1,
6/13/2022,23.5,18.8,27.9,0,,354,7.9,,1012.2,
6/14/2022,18.9,16.7,22.2,0,,297,9.4,35.2,1012.1,
6/15/2022,17.5,12.9,22.7,0,,313,8.6,31.5,1017.6,
6/16/2022,19.6,14.1,25.4,0,,308,6,24.1,1018.4,
6/17/2022,19.1,14.7,25.4,10.9,,288,6.6,24.1,1015.9,
6/18/2022,18.8,13.9,23.4,6.4,,347,7.4,29.6,1017.3,
6/19/2022,23.5,15.2,29.6,0,,258,7.7,29.6,1016.7,
6/20/2022,26.4,20.3,31.8,0,,228,13.4,37,1010.2,
6/21/2022,21.3,16.3,30,3.4,,260,12.2,37,1002.2,
6/22/2022,14.8,11.8,19.6,0.5,,320,8.8,29.6,1001,
6/23/2022,17.7,13.8,20.9,1,,357,14.2,38.9,1008,
6/24/2022,22.3,16.6,26.5,0,,10,12.4,35.2,1013,
6/25/2022,22.8,17.9,27.6,0,,49,7.9,25.9,1015,
6/26/2022,24,18.5,29,0.1,,49,6.3,24.1,1017.9,
6/27/2022,25.7,19.8,31.7,0.4,,45,7,25.9,1019.5,
6/28/2022,27.7,21.3,32.8,0,,11,5.8,25.9,1018,
6/29/2022,24.5,19.6,34.4,2.5,,96,4,22.2,1016.8,
6/30/2022,23.6,17.2,28.3,13.3,,90,4.9,20.4,1015.8,
7/1/2022,24.2,19,28.9,0,,18,5.7,25.9,1017,
7/2/2022,22.4,17.9,28,0,,99,5,22.2,1020.2,
7/3/2022,21.1,16.3,27.9,1.5,,208,4.4,22.2,1019.4,
7/4/2022,24.3,17.1,30.1,0,,185,3.7,20.4,1016.6,
7/5/2022,26.4,19.6,32.8,0,,218,3.7,20.4,1014.7,
7/6/2022,24.6,20.3,34.3,6.2,,125,6.1,29.6,1011.8,
7/7/2022,18.9,15,22.7,0,,344,11.2,29.6,1015.2,
7/8/2022,19.7,16.9,22.5,0.8,,17,9.3,27.8,1016.8,
7/9/2022,18.3,17.6,18.7,0.5,,0,8.7,27.8,1013.8,
7/10/2022,20.3,15.8,24.9,0.2,,340,9.3,27.8,1008.6,
7/11/2022,17.2,15.4,21.9,0,,317,12.1,37,1008,
7/12/2022,15.6,12.9,20.9,11.9,,242,13,37,1011.1,
7/13/2022,14.4,12.7,16.3,8.9,,218,14.7,40.8,1006.8,
7/14/2022,20.2,14.6,26.4,0.6,,297,9.8,33.3,1010,
7/15/2022,19.4,16.9,25.7,0,,295,6.1,24.1,1011.9,
7/16/2022,19.9,14.1,25.2,0.2,,303,6,24.1,1016.4,
7/17/2022,16.5,13.6,20.6,9.5,,287,8.6,29.6,1016.9,
7/18/2022,18.6,11.5,23.4,0,,310,8.3,31.5,1020.9,
7/19/2022,18,14.7,21.8,2.1,,276,6.8,24.1,1020.7,
7/20/2022,20.7,15.2,27.3,1,,296,9.2,37,1016.3,
7/21/2022,20.9,14.5,26.2,0.4,,328,12.3,40.8,1013.4,
7/22/2022,22.2,16.5,26.3,0.1,,349,11.7,37,1013.8,
7/23/2022,22.9,17.2,28.9,0,,16,5.1,24.1,1016.2,
7/24/2022,22.6,18.6,29.9,3.4,,239,7.7,27.8,1013.7,
7/25/2022,20.6,16.8,24.9,0.9,,333,10,31.5,1012.6,
7/26/2022,21.4,15.9,26.9,0,,354,6.2,25.9,1011.2,
7/27/2022,22.4,17.2,29.4,0,,252,4.7,22.2,1011.2,
7/28/2022,21.2,17.3,26,0.7,,345,8,27.8,1016.8,
7/29/2022,22.9,15.7,28.2,0,,60,3.6,20.4,1019.9,
7/30/2022,23.9,17.7,30.3,0,,121,4.3,22.2,1017.7,
7/31/2022,23.8,16.9,30.6,0,,138,6.7,25.9,1013.9,
8/1/2022,22.9,18,29.6,1.7,,100,5.7,22.2,1010.6,
8/2/2022,19.9,18.3,22.2,10.6,,1,8.4,27.8,1011.3,
8/3/2022,20,17.4,24.5,19.1,,358,11.8,29.6,1013.3,
8/4/2022,20.7,18.6,25.5,2.1,,2,9.6,25.9,1015.4,
8/5/2022,21.2,17.9,26.5,1.4,,35,6.7,22.2,1015.4,
8/6/2022,24.4,17.6,30.1,0,,76,3.8,20.4,1015.8,
8/7/2022,22.4,19.7,29.3,5.4,,0,6,27.8,1016.6,
8/8/2022,19.4,17.6,21.9,16,,1,8.7,22.2,1020.5,
8/9/2022,19.6,17.3,22,0.9,,6,9.3,27.8,1022,
8/10/2022,19.1,16.7,21.4,2,,5,8.3,27.8,1020.6,
8/11/2022,20.3,16.7,24.2,1,,15,10.1,29.6,1018.7,
8/12/2022,22.8,19.7,26,0,,27,10,24.1,1017.7,
8/13/2022,22.1,18.4,26.7,9.9,,52,9.4,24.1,1014.4,
8/14/2022,23.6,20.6,29.4,0.5,,63,8.2,24.1,1011.8,
8/15/2022,23.4,20.7,26.3,0,,59,8.2,24.1,1010.2,
8/16/2022,21.5,19.3,23.9,7,,81,6.2,22.2,1009,
8/17/2022,23.7,16.5,28.9,2.4,,48,4.7,16.7,1009.6,
8/18/2022,23.9,19,28.6,0,,21,8.7,27.8,1010.5,
8/19/2022,21.2,18.9,25.3,0,,25,10.2,29.6,1013.3,
8/20/2022,20,16.4,23.4,0,,34,4.5,16.7,1013.8,
8/21/2022,23.1,17.4,28.4,1,,88,5.3,18.5,1012,
8/22/2022,23,17.3,29.7,0,,59,5.4,20.4,1012.7,
8/23/2022,24.3,19.7,32,0,,100,6.5,25.9,1016,
8/24/2022,25.8,19.1,33.1,0,,84,7,24.1,1019.7,
8/25/2022,25.2,18,33,0,,52,6.7,24.1,1018.8,
8/26/2022,25.3,19.3,31.5,0,,70,7.1,24.1,1014.8,
8/27/2022,24.3,20.5,32.1,0,,49,6.2,20.4,1012.5,
8/28/2022,22,18.7,27.9,0,,11,4.6,18.5,1011.1,
8/29/2022,25.3,16.6,31.5,0,,278,6.8,27.8,1012.5,
8/30/2022,22.7,18.4,27.6,0,,286,8,27.8,1015.1,
8/31/2022,19.7,16.1,25,0,,318,6.7,25.9,1015.3,
9/1/2022,17.3,12.3,21.1,0,,348,6,25.9,1016.5,
9/2/2022,14.9,9.1,20.4,0,,5,4.5,22.2,1021.3,
9/3/2022,14.7,11.7,18.7,0,,63,3.2,16.7,1022.9,
9/4/2022,14.4,9.6,20,0,,15,4.7,24.1,1023.6,
9/5/2022,13.9,12.6,18.4,0.7,,343,5.8,25.9,1024.2,
9/6/2022,10.9,6.8,14.6,0,,344,5.7,25.9,1024.7,
9/7/2022,12.4,6.7,19,0,,281,4.4,22.2,1022.3,
9/8/2022,14.9,9.2,20.5,0,,15,4.7,22.2,1019.4,
9/9/2022,13.1,6.8,18.3,0.3,,82,7,24.1,1022.4,
9/10/2022,10.3,8.6,12.6,12,,120,8.9,31.5,1019.1,
9/11/2022,13.1,10.6,16.3,10.7,,172,7.6,31.5,1009.8,
9/12/2022,12.1,10.9,13.9,1.3,,274,4,16.7,1007.3,
9/13/2022,11.4,10.3,13,3,,348,9,25.9,1007.8,
9/14/2022,12.4,10.3,16.4,1.3,,261,7.7,25.9,1006.4,
9/15/2022,14.5,10.5,17.7,3.3,,206,3.5,14.8,1003,
9/16/2022,16.2,13.5,20.3,1.5,,289,6.6,22.2,1002.3,
9/17/2022,12.8,11.2,15.4,3.7,,173,3.9,14.8,1005.6,
9/18/2022,11.3,9.5,16.1,4.1,,6,9,42.6,996,
9/19/2022,11.7,8.2,16.3,2.6,,247,14.3,38.9,1005.3,
9/20/2022,10.3,8.6,11.9,9.1,,331,4,20.4,1011.5,
9/21/2022,10,9.2,12.9,9.9,,307,8.2,27.8,1012,
9/22/2022,9,6.9,12.3,0.1,,271,5.2,18.5,1014.5,
9/23/2022,9.4,7.4,12.7,4.5,,301,4.3,18.5,1014,
9/24/2022,10.1,8.5,13.3,0.2,,281,7.7,27.8,1013.1,
9/25/2022,10.8,5.9,16,0,,254,8.7,29.6,1014.9,
9/26/2022,12.4,9.6,18.3,0.5,,191,2.5,14.8,1011,
9/27/2022,12.4,11,14.1,1.5,,335,2.1,13,1003.3,
9/28/2022,13.6,11,16.7,0.3,,253,3.4,16.7,1001.7,
9/29/2022,12.8,7,19.6,0,,185,3.8,20.4,1008,
9/30/2022,16,11.9,20.9,0,,226,2.2,14.8,1012,
10/1/2022,16.7,13,21.6,0,,255,5.1,25.9,1013.9,
10/2/2022,11.4,7.8,15.3,4.8,,323,10.3,40.8,1002.3,
10/3/2022,9.8,7.1,13.6,7.6,,261,15.7,44.5,1000.5,
10/4/2022,8.2,6.1,10.3,7.9,,255,13.8,33.3,1009,
10/5/2022,11.4,8.3,13.5,0,,279,8.9,27.8,1021.6,
10/6/2022,14.6,8.9,20.5,0,,258,8.1,27.8,1023.5,
10/7/2022,13.8,10.2,17.9,0,,339,5.3,22.2,1028.8,
10/8/2022,12.5,6.3,19.3,0,,185,3.6,16.7,1025.1,
10/9/2022,11.9,5.7,19.1,0.2,,278,6.1,24.1,1019.9,
10/10/2022,9.6,6.3,13.5,0,,340,13.2,35.2,1024.7,
10/11/2022,9.1,3.4,15.9,0,,296,3.1,16.7,1023.9,
10/12/2022,10.3,7.2,14.9,0,,320,5.3,24.1,1024,
10/13/2022,9.2,6.5,12.3,0,,318,3.1,16.7,1026.2,
10/14/2022,8.8,6.8,14.2,0,,195,1.7,13,1025.3,
10/15/2022,8.5,4.6,14.7,0,,174,3.5,20.4,1025.6,
10/16/2022,7.3,1.2,13.8,0,,178,4,18.5,1030.3,
10/17/2022,12.7,3.4,17,0,,216,8.3,24.1,1032.1,
10/18/2022,15.5,6,22.1,0,,243,9,29.6,1026.5,
10/19/2022,12.1,9,14.6,2.4,,281,12.2,29.6,1014.1,
10/20/2022,4.9,3.6,8.3,2.8,,334,15.2,35.2,1018.5,
10/21/2022,5.2,2.4,8.6,0,,280,6.4,24.1,1026.1,
10/22/2022,6.2,2.8,9.5,0,,178,8.4,20.4,1020.1,
10/23/2022,9.4,7.8,10.9,7.7,,271,8,22.2,1014.5,
10/24/2022,11.2,9.7,13.4,0,,278,7.2,22.2,1018.2,
10/25/2022,11.8,10.1,14.2,8.5,,206,4.5,14.8,1015.4,
10/26/2022,11.3,10.1,13.3,0.2,,321,9.8,25.9,1015.9,
10/27/2022,10.1,8.7,11.6,0,,313,10.2,25.9,1024.4,
10/28/2022,10.4,7.8,13.3,0,,273,7,18.5,1027.4,
10/29/2022,12.7,9.6,16.2,0.7,,256,11.6,29.6,1020,
10/30/2022,11.8,10,13.7,0,,299,12.8,31.5,1014.8,
10/31/2022,7.6,4.6,10,0,,330,12.9,35.2,1018.2,
11/1/2022,5.7,1.9,10.6,0,,279,6.2,16.7,1022.3,
11/2/2022,7.1,4.1,10.4,0.6,,295,5.8,20.4,1016.9,
11/3/2022,7.8,6.7,8.9,10.2,,314,8.3,24.1,1017.7,
11/4/2022,7.4,5.8,9,0,,286,5.5,16.7,1017.3,
11/5/2022,5.7,4.1,7.6,0.1,,122,6.2,18.5,1020.6,
11/6/2022,5.2,3.8,6.7,0,,162,9.2,22.2,1025,
11/7/2022,5.8,5,7.5,0.3,,179,9.5,20.4,1023.3,
11/8/2022,6.9,4.9,9.8,0.8,,231,8,18.5,1021.1,
11/9/2022,7.6,4.9,11.9,0,,215,8,20.4,1023.8,
11/10/2022,7.6,5.5,9.8,0.5,,201,10.3,24.1,1024,
11/11/2022,8,7.4,8.7,3.1,,291,8.4,20.4,1028.1,
11/12/2022,9,6.9,11,0,,269,12.4,27.8,1029.1,
11/13/2022,9.3,7.9,10.7,0,,319,11.1,25.9,1028.3,
11/14/2022,5.4,3.3,7.5,0,,4,5.6,18.5,1028.9,
11/15/2022,4.2,2.4,5.6,0,,197,7.6,24.1,1020,
11/16/2022,4.3,2.7,5.1,5.5,,350,6.5,24.1,1008.3,
11/17/2022,-0.2,-1.8,1.8,2.8,,37,12.5,25.9,1006.8,
11/18/2022,-2.5,-3.4,-1.5,1.2,,82,6.7,22.2,1007.8,
11/19/2022,-1.1,-2.2,-0.5,16.5,,8,11.6,27.8,1009.3,
11/20/2022,-3,-4,-2.2,1.1,,62,6.4,18.5,1019.2,
11/21/2022,-1.2,-2.3,0.1,15.8,,35,8,24.1,1010.1,
11/22/2022,-0.7,-1.4,0,0,,296,11.4,25.9,1007.7,
11/23/2022,-0.6,-1.6,0.8,0,,250,5.6,16.7,1013.2,
11/24/2022,0.9,-0.8,2.4,16,,84,7.1,22.2,1010.6,
11/25/2022,1.7,0.9,2.8,4,,3,9.8,24.1,1015.9,
11/26/2022,0.8,0.5,1.1,2.2,,341,11,22.2,1022.7,
11/27/2022,0,-0.4,0.6,1.4,,331,9.7,20.4,1027.8,
11/28/2022,-0.4,-0.8,0.3,0.7,,7,4.1,13,1029.3,
11/29/2022,-0.7,-1.5,0.3,2.2,,91,7.1,16.7,1030.5,
11/30/2022,-2.8,-3.6,-1.7,2.3,,72,7.2,18.5,1031.4,
12/1/2022,-3,-4.1,-1.2,0,,75,7.2,18.5,1031.6,
12/2/2022,-3.5,-4.7,-2.2,0.4,,78,7.3,18.5,1030.6,
12/3/2022,-3.2,-3.7,-2.6,0,,106,8.4,22.2,1034.6,
12/4/2022,-5.1,-6.8,-3.4,0,,125,8.6,22.2,1039.3,
12/5/2022,-7.3,-8.7,-5.3,0,,139,8,20.4,1037,
12/6/2022,-6.4,-8,-4.4,0,,150,9.4,22.2,1028.3,
12/7/2022,-3.5,-5.8,-1.4,3.6,,161,10.3,25.9,1017.2,
12/8/2022,-0.9,-1.6,0.3,0,,187,7.3,16.7,1017.5,
12/9/2022,-0.6,-1.4,0.2,0,,150,4,13,1015.6,
12/10/2022,2.3,0.3,3.9,1.3,,164,6.9,20.4,1007.1,
12/11/2022,5.9,3.6,8.1,9.6,,144,8.7,25.9,998.5,
12/12/2022,1.4,-1.5,6,4.5,,268,10.1,24.1,1002.3,
12/13/2022,-1.7,-2.6,-0.7,0.1,,285,7.6,24.1,1009.7,
12/14/2022,-3.2,-4.9,-1.4,0.1,,258,9.7,24.1,1017,
12/15/2022,-2.1,-4.2,-0.2,4,,174,12.8,33.3,1014.1,
12/16/2022,-0.1,-1.4,1.9,9.4,,132,6.4,20.4,1016.8,
12/17/2022,2.8,1.6,3.7,3.6,,154,7.2,27.8,1012.3,
12/18/2022,-3,-6.2,1.4,0,,316,17.2,38.9,1027.7,
12/19/2022,-5.8,-7,-3.5,0,,300,10,27.8,1041.4,
12/20/2022,-3.5,-6.9,-0.1,0.8,,213,13.9,29.6,1030.3,
12/21/2022,1.2,-0.2,4.2,0,,234,9.8,24.1,1019.9,
12/22/2022,1,-0.5,2.5,0.9,,226,9.1,18.5,1015.1,
12/23/2022,2.1,1.2,3.6,0.5,,215,9.6,20.4,1011.7,
12/24/2022,2.9,2,4.5,0,,205,6.5,18.5,1011.4,
12/25/2022,1.5,0.6,2.2,0.7,,24,8,20.4,1020.4,
12/26/2022,-1,-1.4,-0.7,2.9,,91,6,24.1,1025.3,
12/27/2022,3.2,-1.4,5.7,2,10,242,10.3,31.5,1014.8,
12/28/2022,2,0.9,3.2,0,,281,10.8,29.6,1022.2,
12/29/2022,1.8,0.4,2.9,0,,217,11.3,24.1,1020.8,
12/30/2022,3.4,0.7,6.8,0,,235,8.7,22.2,1018.9,
12/31/2022,3.9,-0.1,6.9,0,,231,8.7,24.1,1023.1,
1/1/2023,10.9,5.5,13.2,0,,247,15.2,31.5,1020.1,
1/2/2023,8.5,5,13.2,0,,253,8.2,29.6,1023.9,
1/3/2023,6.8,3.9,10.7,0,,282,11,27.8,1020,
1/4/2023,2,0.2,3.6,0.2,,282,10.1,29.6,1023,
1/5/2023,3.6,-0.3,6.6,10.6,,239,13.8,35.2,1005.5,
1/6/2023,-0.7,-6.9,6.1,2.1,,344,14.6,35.2,1014.5,
1/7/2023,-8.9,-10.1,-7.3,0.3,10,88,6,18.5,1028.7,
1/8/2023,-7.2,-9.8,-5.4,0,10,140,9.2,24.1,1030.4,
1/9/2023,-4.7,-7.2,-1.4,0.3,,154,14.9,35.2,1023.6,
1/10/2023,-3.8,-6.5,-1.7,2.5,,133,14.4,35.2,1024.5,
1/11/2023,-8.2,-8.9,-6.9,7.1,61,137,9.9,31.5,1029.5,
1/12/2023,-6.3,-9.2,-4.8,0,61,155,8.2,18.5,1026.6,
1/13/2023,-3.9,-5.7,-2.8,0,41,158,8,18.5,1023.7,
1/14/2023,-3,-4.3,-2.1,0,,172,8.1,18.5,1023.4,
1/15/2023,-1.9,-2.4,-1.1,0.5,41,164,8.6,24.1,1021,
1/16/2023,0,-2,2.5,0.3,,165,9.4,25.9,1012.3,
1/17/2023,4.5,1.4,6.3,0.8,10,150,12.2,33.3,1003.9,
1/18/2023,7.6,3.7,10.2,0,,161,13.1,33.3,1002.4,
1/19/2023,5.8,3.1,8.2,1.5,,159,8.7,25.9,1008.1,
1/20/2023,6.7,2.8,10.2,0,,143,7.9,24.1,1012.5,
1/21/2023,1.1,0.1,4.3,0.5,,130,8.9,22.2,1019.6,
1/22/2023,0.8,-1.3,1.9,0,,124,6,14.8,1031.5,
1/23/2023,-1.2,-1.8,-0.9,0,,41,7.2,18.5,1037.2,
1/24/2023,-2.5,-3.5,-1.1,0,,19,5.8,16.7,1037.6,
1/25/2023,-2.9,-3.8,-2.2,0,,320,3.2,13,1033.9,
1/26/2023,-2.6,-4,-0.6,0,10,184,5.3,14.8,1027.3,
1/27/2023,-2.6,-3.4,-1.7,0,,112,4.7,16.7,1022.9,
1/28/2023,-3.1,-5,-1.1,0,,21,7.6,24.1,1020.8,
1/29/2023,-2.6,-4.6,-0.5,0.1,,327,6.9,20.4,1019.5,
1/30/2023,-1.4,-2.3,-0.4,0.9,,225,11.2,29.6,1010.8,
1/31/2023,0.4,-2.1,1.5,2.3,10,263,8.3,25.9,1006.5,
2/1/2023,0.4,-1.3,2,1.9,10,239,9.5,25.9,1006.7,
2/2/2023,1.7,0.1,3.6,1,10,236,10.1,24.1,1007.4,
2/3/2023,0.1,-1.3,1.2,1.7,20,295,7.9,24.1,1012.6,
2/4/2023,-2.8,-4.6,-1.9,0.5,20,350,8.6,27.8,1016.4,
2/5/2023,-3.2,-5.1,-1.6,1.3,20,354,12.8,31.5,1025.1,
2/6/2023,-3.1,-4.9,-1.9,0.3,41,359,11.7,29.6,1033,
2/7/2023,-4.6,-6.9,-2.1,2,51,42,6.1,22.2,1035.7,
2/8/2023,-6.5,-10.3,-2.6,0,41,10,6.6,20.4,1046,
2/9/2023,-4.6,-8.7,0.8,0,30,276,7.5,18.5,1041.5,
2/10/2023,-1.6,-5.8,3.9,0,30,248,10.7,29.6,1032.2,
2/11/2023,0.1,-2,2.1,0.3,20,254,12.4,33.3,1024.3,
2/12/2023,-0.3,-1.7,1.8,1,10,327,16.7,38.9,1025.4,
2/13/2023,-0.2,-3.2,2.7,0.1,,289,11.3,25.9,1027.2,
2/14/2023,2.6,1.7,4.6,0.5,,331,17.5,42.6,1020.6,
2/15/2023,1.7,0.2,3.7,0,,349,14.8,33.3,1027.2,
2/16/2023,1,-0.9,3.5,0.1,,208,5.4,20.4,1024.6,
2/17/2023,0.2,-1.5,1.3,0.4,,166,3.6,20.4,1017.6,
2/18/2023,4,-1,7.4,6.1,10,247,14.8,42.6,1004.9,
2/19/2023,2.9,1.5,4.1,0,,277,12.5,31.5,1006.4,
2/20/2023,0.7,-1.6,3.9,3.7,,278,16.1,40.8,1007.7,
2/21/2023,4.3,0.1,6.3,8.9,10,289,18.5,46.3,996.1,
2/22/2023,-2.1,-3.5,-0.5,0.8,20,353,10.6,31.5,1014.6,
2/23/2023,-4,-8.4,0.6,0,10,356,4.5,18.5,1025,
2/24/2023,0.3,-4.6,2.8,0.7,,192,14.4,35.2,1012.4,
2/25/2023,5,2.2,9.8,3,,193,12.6,31.5,997.4,
2/26/2023,3.1,1,5,0,,251,9.9,24.1,1007.1,
2/27/2023,-0.2,-2,2.6,0.1,,2,11.3,25.9,1022.3,
2/28/2023,-2.1,-3.7,1.1,0,,316,9.2,24.1,1028.4,
3/1/2023,-1.1,-3.5,2.1,0.1,,304,10.9,31.5,1022.5,
3/2/2023,2.6,-1.5,7.7,0,,290,9.7,27.8,1021,
3/3/2023,3,0.6,5.4,0,,270,10.7,27.8,1014.2,
3/4/2023,1.2,-0.8,3.2,0.3,,263,15.8,40.8,1006.2,
3/5/2023,-0.4,-3,3,0.2,,277,14.8,37,1006.4,
3/6/2023,-0.7,-2.5,3.1,0.6,20,256,7.7,27.8,1007.3,
3/7/2023,0.7,-2.8,5.6,1,10,221,7.2,22.2,1005.9,
3/8/2023,3.2,-1.6,9.2,0.7,,210,8.6,31.5,1003.4,
3/9/2023,7.7,-0.5,14.2,4.1,,224,9.4,27.8,998.6,
3/10/2023,2.2,-0.7,6.7,0,,99,10.7,29.6,1004.3,
3/11/2023,4.6,1.8,7.4,8.1,,154,8.9,24.1,994.4,
3/12/2023,-0.3,-1.4,2.6,7.1,41,290,17.4,46.3,1001.6,
3/13/2023,2.7,-4,7.2,0,30,221,12.6,35.2,1017.9,
3/14/2023,7,2.5,11.9,0,,183,20.3,46.3,1012.6,
3/15/2023,6.1,0.9,12,0,,156,11.1,38.9,1009.1,
3/16/2023,3.4,1.8,4.4,0,,346,10.6,33.3,1012.9,
3/17/2023,1.9,0.4,3.3,0.2,,358,14.4,33.3,1023.3,
3/18/2023,3.7,1.4,8.5,0,,56,6.4,20.4,1027,
3/19/2023,4.8,0.4,9.9,0,,62,3.2,16.7,1024.1,
3/20/2023,5.6,0.2,12.4,0,,210,5,20.4,1018.9,
3/21/2023,8.6,0,16.2,0,,258,5.4,22.2,1013.5,
3/22/2023,9.7,7.2,13.3,0,,354,5.7,18.5,1016.3,
3/23/2023,11.6,3.7,17.4,0,,199,8.2,27.8,1014.7,
3/24/2023,14.6,11.1,20,0.7,,235,10.3,27.8,1011,
3/25/2023,14,11.6,16.3,7.6,,200,9,25.9,1005,
3/26/2023,10.1,8.4,13.4,0.9,,269,10.8,29.6,1002.1,
3/27/2023,10.1,4.7,16,0,,222,8.7,27.8,1003.2,
3/28/2023,3.7,-1.3,9.1,17,,76,10.9,48.2,998.1,
3/29/2023,-0.6,-1.9,0.4,1,20,306,18.2,50,1010.3,
3/30/2023,2.4,-2.1,7.7,0,10,316,9,29.6,1017.7,
3/31/2023,5.8,2.1,9.7,0.7,,204,7.2,22.2,1007.9,
4/1/2023,9.7,6.3,14.5,1.4,,192,9.3,27.8,1003.5,
4/2/2023,7.4,6.8,8.9,7.9,,118,5.8,18.5,1006.3,
4/3/2023,4.8,3.1,8.3,4.8,,17,9.4,25.9,1011,
4/4/2023,2.8,1.1,4.5,0.8,,351,10.6,22.2,1017,
4/5/2023,4.2,2.3,6.3,11.3,,358,14.7,33.3,1013.3,
4/6/2023,9.3,5.7,11.7,9.9,,70,10.5,27.8,1010.1,
4/7/2023,8.3,3.2,13.1,0.4,,119,5.3,16.7,1018.1,
4/8/2023,12.1,8.4,18.4,1,,22,3.7,18.5,1021,
4/9/2023,11.1,6.9,17.3,2.5,,58,4.8,24.1,1021.9,
4/10/2023,9.9,8.8,12.8,8.6,,79,6.3,25.9,1021.8,
4/11/2023,11.5,6.9,15.4,0,,60,8.7,29.6,1016.4,
4/12/2023,8.9,7.5,10.4,19.1,,67,8,22.2,1006.5,
4/13/2023,10.1,8.4,12.3,1.3,,28,5.7,20.4,1005.4,
4/14/2023,8.5,7.4,10.4,3.8,,41,8.2,20.4,1011.5,
4/15/2023,6.3,5.2,8.1,5.9,,111,10.9,29.6,1018.1,
4/16/2023,7.1,5,8,0.9,,111,5.3,20.4,1022.4,
4/17/2023,9.9,6.9,14.5,0,,75,6.7,25.9,1023,
4/18/2023,9.9,7.7,13.8,0.9,,51,7.6,24.1,1020.3,
4/19/2023,12.2,7.3,17.6,0.6,,66,8.1,25.9,1015.1,
4/20/2023,9.6,8.5,11.6,1,,32,11.9,33.3,1013.8,
4/21/2023,10.2,7.1,13.4,1.2,,18,8.9,29.6,1012,
4/22/2023,12.9,7.1,17.8,0,,341,9.1,29.6,1012.3,
4/23/2023,14.4,10.8,19.9,0,,75,4,20.4,1016.2,
4/24/2023,13.7,8.5,20.1,0.1,,173,4.7,25.9,1014.2,
4/25/2023,14,6.4,19.8,0,,165,6.4,27.8,1008.8,
4/26/2023,10.9,8.3,15,2.8,,170,6,24.1,1006.1,
4/27/2023,6.7,5.2,7.7,2.3,,331,9.7,29.6,1011.5,
4/28/2023,9.6,6,13,0,,349,13.2,38.9,1017.1,
4/29/2023,10.1,4.7,15.2,0,,6,9.5,31.5,1018.3,
4/30/2023,9.8,7.2,12.4,0,,9,9,33.3,1014.1,
5/1/2023,10.9,6.8,15.3,0,,350,10.6,38.9,1017.3,
5/2/2023,13.3,5.8,19.7,0,,169,6.9,29.6,1024,
5/3/2023,16.4,9.1,22.9,0,,222,11.6,37,1022.2,
5/4/2023,13.6,10,19.7,0.3,,16,6.7,20.4,1022.5,
5/5/2023,12.1,7.7,17.2,0,,17,9.3,25.9,1021.7,
5/6/2023,9.1,5.2,13.1,0,,27,10.9,31.5,1024.5,
5/7/2023,8.4,5.2,10.8,0,,71,7,25.9,1026,
5/8/2023,10,7,13.4,0,,50,10,31.5,1027.7,
5/9/2023,9.9,6.3,14.5,0,,40,8.1,29.6,1028.3,
5/10/2023,10.5,6.6,14.5,0,,37,5.6,24.1,1025.1,
5/11/2023,12.1,7,17.1,0,,5,4.7,22.2,1024.9,
5/12/2023,15.1,8.3,20.8,0,,11,4,24.1,1024.6,
5/13/2023,16.9,9.5,23.4,0,,10,3.7,24.1,1024.1,
5/14/2023,19.8,13.7,25.3,0,,333,4.8,20.4,1021.8,
5/15/2023,20.3,12.6,26.6,0,,161,5.2,29.6,1017.7,
5/16/2023,16.4,13.4,19.4,0,,157,8,27.8,1016.2,
5/17/2023,18.6,13.3,23.8,0,,155,7.8,25.9,1017,
5/18/2023,20.4,13.9,25.7,0,,125,5.1,24.1,1018.8,
5/19/2023,19.4,16.4,22.6,0.1,,25,9.2,29.6,1021.9,
5/20/2023,17.9,14.2,21.9,0,,22,11.8,35.2,1023.7,
5/21/2023,15.3,10,19.9,0,,36,10.3,31.5,1022.1,
5/22/2023,18.3,12.9,23.4,0,,31,8.9,29.6,1018.2,
5/23/2023,19.3,13.4,24.2,0.7,,23,6.9,22.2,1014.3,
5/24/2023,20,14.2,25.5,1.6,,31,3.9,20.4,1014.1,
5/25/2023,20.9,15,26.7,0,,14,5.6,25.9,1015.7,
5/26/2023,21.7,15.3,27,0,,7,5.7,25.9,1015.3,
5/27/2023,21.3,17.3,25.3,5.7,,354,9.8,31.5,1015.4,
5/28/2023,16.3,12.6,20.3,0,,12,11.9,31.5,1018.6,
5/29/2023,17.5,11,23.2,0,,51,5,22.2,1018.4,
5/30/2023,19.2,12.4,24.1,0,,8,6.6,29.6,1015.5,
5/31/2023,17.8,14.9,21.5,0,,359,8.6,31.5,1016.8,
6/1/2023,19.2,11.7,26.4,0,,265,5.6,27.8,1015,
6/2/2023,19.3,13.9,28.5,2.7,,249,8.7,35.2,1010.1,
6/3/2023,13.5,8.8,17.7,0.5,,346,14.2,37,1017.1,
6/4/2023,14.9,7.9,21.5,0,,162,3.5,20.4,1023.8,
6/5/2023,17.7,9.8,24.4,0,,213,4.1,22.2,1022.4,
6/6/2023,20.4,12.8,26.9,0,,196,3.4,20.4,1021.1,
6/7/2023,20.3,16.1,25,0,,287,4.3,20.4,1020.4,
6/8/2023,19.4,14.6,23.2,0.8,,53,5.7,20.4,1019.9,
6/9/2023,22.4,15.2,28.5,0,,104,4.5,20.4,1016.4,
6/10/2023,19.7,16.1,26.4,6.4,,30,8.7,29.6,1014.1,
6/11/2023,13.1,10,16.4,5.5,,37,14.5,37,1016.9,
6/12/2023,13.3,9.6,15,0.5,,35,10.3,27.8,1017.2,
6/13/2023,14.8,12.2,17.4,0,,43,6.9,22.2,1015.8,
6/14/2023,19,11.7,24.4,0,,11,5.4,22.2,1014.8,
6/15/2023,21.8,16.6,26.1,0.2,,20,5.7,22.2,1014.2,
6/16/2023,24.9,17.1,28.6,0,,68,4.3,20.4,1012.4,
6/17/2023,23.5,16.7,28.9,0,,61,3.7,20.4,1010.6,
6/18/2023,24.4,20.3,29.6,0,,96,4,18.5,1012.2,
6/19/2023,24.1,20.1,29.9,0,,162,4.4,20.4,1013.5,
6/20/2023,19.7,16.5,28.4,1.8,,311,6.1,24.1,1014.7,
6/21/2023,22.9,16.8,28.3,1.9,,3,5.7,22.2,1016.4,
6/22/2023,24.8,18.7,29.9,0,,242,4.5,22.2,1017.9,
6/23/2023,25.8,20.3,31.1,0.9,,270,8.3,27.8,1014.2,
6/24/2023,23.8,21.3,29.3,0.7,,332,4.7,22.2,1013,
6/25/2023,19.4,17.5,23.5,15,,351,4.8,22.2,1012.5,
6/26/2023,17.4,15.2,20.8,2.9,,351,11.3,35.2,1010,
6/27/2023,17.8,12.3,22.5,0.5,,344,6.7,25.9,1008.3,
6/28/2023,18.8,15.9,23,2,,270,11.2,33.3,1006.6,
6/29/2023,16.6,13.3,21.2,4.1,,276,11.2,33.3,1005,
6/30/2023,18.9,14,24.9,11.6,,298,11.5,37,1005.2,
7/1/2023,22.2,16.8,27.6,0,,274,7.7,25.9,1006.2,
7/2/2023,24.4,19,30.1,5.1,,253,6.5,25.9,1005.1,
7/3/2023,23.3,18.8,28,1.1,,320,6,22.2,1010,
7/4/2023,23.4,16.5,29.4,0,,238,3.2,20.4,1015.6,
7/5/2023,22.8,18,28.8,0,,52,3.6,18.5,1016.4,
7/6/2023,25.6,19.9,32.7,2.1,,43,4.2,18.5,1014.5,
7/7/2023,22.1,19.2,26.7,52.1,,351,9,29.6,1014.5,
7/8/2023,19.4,18.4,21.2,0,,358,16.2,37,1015.2,
7/9/2023,20.7,16.1,24.8,0,,352,12.3,37,1014.6,
7/10/2023,19.4,15.9,24.2,0.2,,323,9.3,31.5,1013.7,
7/11/2023,18.1,14.1,21.9,0.1,,347,7.9,27.8,1013.4,
7/12/2023,19,13.5,23.7,0,,313,5.2,24.1,1014.8,
7/13/2023,23.1,17.3,29.6,0.1,,225,9.8,29.6,1011.8,
7/14/2023,20.6,18.5,25.5,31,,347,7.9,31.5,1011,
7/15/2023,21.4,16.4,26,0,,321,7.6,25.9,1016.6,
7/16/2023,23.3,17.2,28.3,0,,280,3.4,22.2,1017.9,
7/17/2023,25.6,18.6,31.5,0,,241,4.2,20.4,1016.3,
7/18/2023,22.6,20.3,28.5,7.7,,299,8.8,33.3,1012.4,
7/19/2023,20.6,15.8,25.5,0,,300,7,25.9,1012,
7/20/2023,19.7,14.9,27.5,5.6,,174,4.4,24.1,1008.4,
7/21/2023,19.1,14.8,24.2,0,,312,7.3,25.9,1011.5,
7/22/2023,15.9,14.6,16.7,30,,116,4,20.4,1013.2,
7/23/2023,19.3,14.8,24.1,0.1,,316,7.2,25.9,1013.9,
7/24/2023,22.1,15.7,27.9,0,,231,9,31.5,1012.1,
7/25/2023,24.3,18.1,30.9,0.2,,201,9.6,31.5,1004.4,
7/26/2023,22.9,19.2,26,5.4,,217,9,29.6,1001.2,
7/27/2023,18.1,15.3,22,13,,276,7.4,31.5,1002.2,
7/28/2023,19.3,14.5,23.6,0,,323,10.9,35.2,1007.3,
7/29/2023,21.4,17.3,26,1,,283,7.1,25.9,1009.1,
7/30/2023,20.4,15.7,25.6,7,,248,3.3,20.4,1010.3,
7/31/2023,20.4,17.1,23.9,0.6,,292,4.1,16.7,1009.4,
8/1/2023,21.9,16.6,27.6,0,,215,3.8,18.5,1009.2,
8/2/2023,21.4,16.8,28.7,1.1,,183,5.2,25.9,1006.6,
8/3/2023,22.7,17.3,27,0.2,,255,5.6,22.2,1008.8,
8/4/2023,25.5,17.8,31.9,0,,191,5.8,22.2,1012.4,
8/5/2023,26.3,21,31.8,0,,148,5.2,25.9,1014.5,
8/6/2023,28,21.2,33.9,0,,116,7.9,31.5,1007.2,
8/7/2023,22.4,18.1,26.2,11.2,,195,8.8,31.5,1000.8,
8/8/2023,18.6,15,22.3,0,,269,6.4,22.2,1012.7,
8/9/2023,19.4,14.3,24.2,0,,315,4.6,20.4,1017.7,
8/10/2023,19.4,13.6,25.1,0,,49,4,22.2,1020.4,
8/11/2023,21.5,17.7,25.3,0,,356,10.3,31.5,1017.2,
8/12/2023,20.2,15.4,25,0,,308,10,35.2,1016.4,
8/13/2023,21.2,14.9,26.7,0,,275,6.6,25.9,1018.7,
8/14/2023,24.1,16.2,30.9,0,,241,4.5,22.2,1021.6,
8/15/2023,26.2,19.1,33.3,0,,181,3.5,18.5,1022.6,
8/16/2023,25.7,20.5,31.4,0,,64,4.2,20.4,1022.7,
8/17/2023,23.7,18.5,28.9,0,,57,4.8,22.2,1021.6,
8/18/2023,24.2,18.2,30.2,0,,56,4.3,20.4,1021.8,
8/19/2023,26,19.9,32.7,0,,54,3.3,18.5,1021,
8/20/2023,27.8,21.1,33.9,0.3,,1,3.1,20.4,1018.3,
8/21/2023,25,21.8,30.1,0.5,,326,5.2,25.9,1016.2,
8/22/2023,22.8,20.3,26.4,0,,323,9.8,37,1015.8,
8/23/2023,21.2,16.2,26.6,0,,320,5.5,24.1,1016.4,
8/24/2023,21.1,15.9,26.6,0,,332,3.4,22.2,1016.6,
8/25/2023,22.7,16.5,28,0.1,,302,4.4,22.2,1015.4,
8/26/2023,24.8,18,31,0,,213,4.5,22.2,1013.5,
8/27/2023,27.3,21.3,33.3,2.8,,289,5.4,20.4,1010.7,
8/28/2023,28.3,21.3,35.7,0.5,,278,3.1,20.4,1008.1,
8/29/2023,29.1,22.8,35.9,0.4,,106,4.6,20.4,1008.6,
8/30/2023,25.9,21.4,32.8,0.9,,159,6.2,25.9,1008.8,
8/31/2023,22.1,16.4,29.6,0,,186,5.4,24.1,1009.6,
9/1/2023,21,17.6,25,0.5,,332,7,25.9,1014.3,
9/2/2023,20.1,14.3,25.2,0,,313,3.7,20.4,1020,
9/3/2023,20.6,17.1,25.1,1.5,,57,4.2,18.5,1020,
9/4/2023,19.9,17,23.4,0,,13,8.8,27.8,1021.1,
9/5/2023,19.1,14.6,24,0,,5,8.7,29.6,1024.2,
9/6/2023,20,13.9,25.6,0,,326,3.8,24.1,1023,
9/7/2023,18.1,15.9,22.7,0,,14,5.7,25.9,1024.8,
9/8/2023,17.8,10.8,23.8,0,,338,3.5,25.9,1023.8,
9/9/2023,16.7,14,21.6,0,,16,6.3,22.2,1020.7,
9/10/2023,15.3,9.1,22,0,,68,1.1,22.2,1023.9,
9/11/2023,17.3,10.5,23.6,0,,171,1.5,22.2,1019.8,
9/12/2023,18.7,12,26.4,0,,150,1.7,22.2,1017.8,
9/13/2023,19.6,12.1,28.3,0,,141,2.1,22.2,1017.2,
9/14/2023,18.3,13.7,28.5,2.2,,157,2.3,24.1,1014.1,
9/15/2023,17.4,15.8,20.6,3.3,,345,7.2,,1018,
9/16/2023,16.6,14.3,20.5,0,,59,2.8,,1025.7,
9/17/2023,17.4,11.4,24.2,0,,138,2.2,,1025.8,
9/18/2023,19.1,12.3,26.4,0,,196,5.1,,1022.8,
9/19/2023,18.6,11.8,25.2,0,,173,9.3,,1017.9,
9/20/2023,18.2,13.9,21.5,2,,202,7.5,,1016.1,
9/21/2023,18.7,14.9,24.2,5.5,,58,2,,1018.2,
9/22/2023,19.2,12.1,26.7,0,,152,4.3,,1017.9,
9/23/2023,20.6,14.1,27.4,0,,157,5.7,,1018.3,
9/24/2023,21.2,14.5,29.1,0,,143,2.7,,1020.3,
9/25/2023,20.8,15.6,27.3,0,,23,3.6,,1026.2,
9/26/2023,18.2,15.6,24,0,,27,4.5,,1028.8,
9/27/2023,17.5,12.6,24.2,0,,18,3.3,,1028.3,
9/28/2023,17.4,12.3,25.8,0,,38,1.9,,1026.1,
9/29/2023,19,13.1,25.8,0,,92,1,,1024.6,
9/30/2023,19.5,12.9,27,0,,214,2.4,,1020,
10/1/2023,15.4,12.3,18.6,0.5,,318,7,,1017.8,
10/2/2023,13.5,10.3,17.5,0.1,,329,7.3,,1020.9,
10/3/2023,14.3,8.3,20.5,0,,246,4.8,,1023,
10/4/2023,14.9,10.5,19.3,0,,253,7.8,,1018.8,
10/5/2023,12.8,9.3,18.3,0,,262,6.3,,1021.7,
10/6/2023,12.7,11.2,15.7,0,,291,11,,1018.8,
10/7/2023,12,6.9,16.8,5.5,,252,13.5,,1011,
10/8/2023,8.8,7.7,11.8,1,,302,13.3,,1007.4,
10/9/2023,6.5,3.7,10.5,0,,305,12.2,,1016.2,
10/10/2023,5.6,1.2,10.7,0,,301,6.3,,1020.1,
10/11/2023,7.9,0.9,14,0,,211,7.3,,1025.4,
10/12/2023,14.8,9.6,22,0,,216,14.7,,1015.8,
10/13/2023,13.9,11,18.7,3.5,,302,4.3,,1017.4,
10/14/2023,15.7,7.8,22.5,0,,195,9.6,,1014.8,
10/15/2023,13.8,10.4,16.5,5.5,,277,7.8,,1008.4,
10/16/2023,6.7,5.4,10,14,,309,9.3,,1010.5,
10/17/2023,6.6,4.6,9.7,0.3,,278,8.5,,1019,
10/18/2023,6.8,3.1,10.7,0,,241,7.6,,1018,
10/19/2023,7.2,2.8,11.7,0.6,,240,4.1,,1012.2,
10/20/2023,10.9,6.6,13.1,7.1,,135,1.8,,1002.9,
10/21/2023,11.3,8.9,13.5,0,,66,4,,1007.4,
10/22/2023,11.7,8.9,15.1,0,,147,5.7,,1011.7,
10/23/2023,14.4,12.5,17.1,0,,264,11.4,,1010.8,
10/24/2023,10.1,7.1,15.2,0,,285,4.1,,1015.5,
10/25/2023,8.6,6.6,10.9,17.7,,123,5.4,,1006.9,
10/26/2023,12.6,10,15.6,3,,259,6.1,,1000.1,
10/27/2023,13.9,10.7,18.1,3,,212,6.2,,997.4,
10/28/2023,11.8,9.7,15.1,4,,255,17.7,,994.1,
10/29/2023,9.7,7.4,14.1,0,,280,4.1,,1012.9,
10/30/2023,14,7.3,20.6,0,,204,8.8,,1014.4,
10/31/2023,14.3,7.8,21.7,0,,186,8.1,,1011.6,
11/1/2023,12.4,9.3,14.8,3.6,,244,8,,1007.6,
11/2/2023,9.4,5.3,14.7,0,,257,5.7,,1012.1,
11/3/2023,7.8,3.4,13,0,,146,6.1,,1010.5,
11/4/2023,12.2,9,15.2,24.9,,149,8.3,,1001,
11/5/2023,11.3,9.4,15.3,12.6,,205,8.7,,996.7,
11/6/2023,11.4,9.5,13.7,1.4,,230,12.6,,1001.3,
11/7/2023,11.2,8.1,15.5,0,,232,7.6,,1015.6,
11/8/2023,8.1,6.9,9.6,15.5,,341,4.1,,1012.6,
11/9/2023,6.8,4.7,9.1,0,,295,6.8,,1015.8,
11/10/2023,6.5,0.5,11.8,0,,177,9.2,,1018.9,
11/11/2023,7.5,6.8,8.6,9.6,,136,8.2,,1007,
11/12/2023,7.6,6.7,8.9,10.1,,291,10,,995.7,
11/13/2023,6.4,4.9,8.7,0,,251,13.4,,1010.6,
11/14/2023,4.5,0.4,7.4,1.7,,213,10,,1006.5,
11/15/2023,8.6,6.4,11.2,0.5,,245,10.5,,1002.6,
11/16/2023,5.1,1.7,8,2.9,,291,11.8,,1008.8,
11/17/2023,1.9,0.8,2.5,0,,354,5,,1017.3,
11/18/2023,0.8,-1.3,2.9,0.1,,59,8.3,,1020.3,
11/19/2023,-2,-3,-0.9,0,,25,7.5,,1019.5,
11/20/2023,-1.6,-3.3,1.2,0,,359,6.8,,1011.9,
11/21/2023,-2,-4.6,-0.6,0.5,,69,1.8,,1015.5,
11/22/2023,-3.5,-5.4,-1.6,3.8,61,21,7.7,,1021.1,
11/23/2023,-3.4,-6.6,2.2,3.1,,253,13.2,,1012.6,
11/24/2023,3.1,0.7,7.3,4.6,,254,18.7,,990,
11/25/2023,0.6,-1.2,4.4,0,,239,5.6,,997.9,
11/26/2023,-0.8,-2,0,2.5,,357,13.9,,995.3,
11/27/2023,-3.8,-5,-1.9,5.4,,295,21,,994.7,
11/28/2023,-2.9,-6.6,1.6,0.3,41,189,9.7,,1004.2,
11/29/2023,-1.1,-3.2,1.2,17.8,41,217,12.5,,996.1,
11/30/2023,-2.4,-5.9,1.5,0,30,224,12.3,,1011.7,
12/1/2023,-0.7,-2.3,0.5,5.3,89,260,4.1,,1005.8,
12/2/2023,-1,-1.4,-0.4,3.7,,84,3.9,,1007.9,
12/3/2023,-0.9,-2.6,1.4,0.5,71,264,11.7,,1007.2,
12/4/2023,-2.8,-4.7,-0.6,0,79,268,9,,1022.5,
12/5/2023,-3.9,-7.4,-1.9,0.4,79,187,5.8,,1025.5,
12/6/2023,-3.2,-5.7,-1.4,1.3,71,111,6.6,,1024.8,
12/7/2023,-6.4,-8.9,-4.3,0,,50,6.2,,1026.3,
12/8/2023,-2.9,-4.7,-1.9,6.1,109,75,5.2,,1023.6,
12/9/2023,-3.1,-3.9,-2,0,140,44,1.4,,1023.2,
12/10/2023,-3.2,-4.2,-1.4,0,,126,2.8,,1020,
12/11/2023,-1.1,-2.3,-0.3,1,130,174,6,,1015.8,
12/12/2023,-1.7,-3,-0.7,0,,174,6.8,,1011.6,
12/13/2023,0.3,-1.3,1.5,0.6,119,159,5,,1012.4,
12/14/2023,-1.1,-3.1,0.5,23.1,160,88,8.1,,1006.4,
12/15/2023,-2.1,-3.9,0.5,0,140,315,9.3,,1021,
12/16/2023,0,-1.7,1.5,1,,273,8.1,,1030.2,
12/17/2023,2.7,1.6,4.1,3.6,,265,12.8,,1025.4,
12/18/2023,4.2,3.2,4.7,1,51,278,9.9,,1021.2,
12/19/2023,5.1,4.1,6.5,0,20,247,9.5,,1018,
12/20/2023,7.2,5.5,10.6,0,,229,10.8,,1007.9,
12/21/2023,2.7,0.9,5.4,0,,234,9.2,,1001.8,
12/22/2023,1.4,0.6,2.4,2.3,10,202,10.6,,987.4,
12/23/2023,0.1,-9.1,1.6,0,61,247,11.7,,987.9,
12/24/2023,-0.1,-0.7,0.7,0.4,,274,11.7,,998.2,
12/25/2023,2.7,-2.7,7.2,9.9,41,240,11.6,,997.1,
12/26/2023,6.5,3.5,9.6,1.8,,256,13.4,,1004.3,
12/27/2023,1.2,2.4,3.7,1.3,61,283,15.6,,1010.9,
12/28/2023,2.4,0,4.8,0,,241,8.9,,1020.8,
12/29/2023,6.2,2.5,7.9,6.1,61,249,10.3,,1014,
12/30/2023,6.9,4.9,10.5,0,,243,12,,1011.6,
12/31/2023,3.3,0.3,5.9,0,,275,10.3,,1014.8,
1/1/2024,1.6,-0.9,3.8,0.9,,158,4.9,,1011.1,
1/2/2024,-0.1,-5.6,3.2,2.1,,300,11.9,,1005.8,
1/3/2024,-5.1,-7,-2,6.1,,106,6.7,,1005.8,
1/4/2024,-0.1,-4.3,1.7,7.1,99,202,1.5,,997,
1/5/2024,-1.3,-6.4,4.3,2,41,302,7.5,,1006.4,
1/6/2024,-2.9,-6.5,-0.6,0.2,30,119,4.3,,1014.5,
1/7/2024,-7.7,-11.1,-3,0,,49,12.4,,1018,
1/8/2024,-13.4,-15.6,-11.7,0,30,27,14.5,,1024.2,
1/9/2024,-10.9,-15.3,-4.9,0,,320,9.9,,1031.4,
1/10/2024,-4.1,-5.8,-3.1,0.1,30,294,10.4,,1025.3,
1/11/2024,-3.1,-4.6,-1.7,0.3,30,285,13.4,,1012.2,
1/12/2024,-10.1,-12,-8.1,0,30,329,11.2,,1018.2,
1/13/2024,-9.1,-12.1,-6.8,2.8,30,133,6.1,,1011.6,
1/14/2024,-4.3,-8.9,-1,2.8,51,196,9.8,,1004.6,
1/15/2024,-1.3,-2.6,0.6,0.3,79,217,11.9,,998.9,
1/16/2024,-2.4,-5.9,0.4,0,79,255,11.8,,1001.1,
1/17/2024,-7.8,-9.9,-3.1,0,71,204,6.2,,1016.1,
1/18/2024,0.3,-10,3.7,3.6,61,169,11.9,,1000.3,
1/19/2024,0.8,-1.9,2.7,4.4,,334,9.9,,1005.2,
1/20/2024,-2.1,-2.9,-1.1,0.4,20,290,9.8,,1020.1,
1/21/2024,-2.1,-3.9,-0.2,2.3,30,318,8.8,,1028,
1/22/2024,-3.6,-5.4,-1.4,0,,172,9.4,,1035,
1/23/2024,-0.6,-3.3,0.4,1.9,20,189,14.9,,1024.8,
1/24/2024,0.8,-0.3,2.8,1.5,30,217,11.6,,1019.1,
1/25/2024,2.9,0.3,4.3,5.1,10,253,10.9,,1003.8,
1/26/2024,1.1,0.6,1.7,2.3,,320,9,,1010.3,
1/27/2024,0.7,0.3,1.2,0.5,10,332,6.7,,1017.8,
1/28/2024,0.1,-1.2,0.5,0,,354,9.9,,1031.5,
1/29/2024,-1.7,-4.1,2.7,0,,327,4.5,,1040.6,
1/30/2024,0,-3.1,4.4,0,,249,8.2,,1038.3,
1/31/2024,2.2,-0.4,7.3,0,,251,9.2,,1030.4,
2/1/2024,3,0.9,5.2,0.3,,261,11.8,,1018.8,
2/2/2024,2.2,1.2,3.6,0,,288,11.9,,1015.4,
2/3/2024,2.9,0.3,6.4,3.8,10,255,13.9,,1006.7,
2/4/2024,5.6,4.6,6.5,1,,277,13.1,,1003.4,
2/5/2024,3.5,0.7,5.5,6.2,,279,15.6,,996.1,
2/6/2024,2,0.6,5.8,2.9,,262,8.4,,1002.6,
2/7/2024,6.6,2.5,9.7,2,,253,18.3,,996.3,
2/8/2024,0.2,-1.7,2.3,0.5,,302,6.5,,1004.4,
2/9/2024,-1.9,-2.3,-1.1,7.6,71,102,5.9,,1006.3,
2/10/2024,-0.6,-2,0,10.9,109,119,6.5,,1006.8,
2/11/2024,1.5,0,3.1,0,,126,5.9,,1007.1,
2/12/2024,4.2,1.1,6.8,2.5,41,142,3.2,,1004.8,
2/13/2024,6.6,2.9,9.5,2.1,,119,2.7,,1008.3,
2/14/2024,4.8,2.6,7.2,2.9,,344,8.9,,1015.8,
2/15/2024,2.2,1.8,2.8,0.5,,355,7.7,,1024.5,
2/16/2024,2.3,0.5,3.5,0,,57,1.3,,1028.8,
2/17/2024,0.7,-1.1,3.1,0,,179,5.6,,1027.6,
2/18/2024,1.9,-0.7,4.8,1.3,,325,11.2,,1027.2,
2/19/2024,-1,-3.5,3.2,0,,83,3.9,,1029.8,
2/20/2024,-1.6,-3.8,0.7,1.1,,170,11,,1023.8,
2/21/2024,3.3,-1.1,6.2,2.8,10,236,6.6,,1019.9,
2/22/2024,5.6,1.3,10.4,0.1,,188,9.9,,1015.9,
2/23/2024,6,4.2,7.4,0.1,,167,14.9,,1013.8,
2/24/2024,7.6,4.9,10.7,0,,159,11.9,,1018.2,
2/25/2024,5.2,3,7.5,1.3,,159,11.2,,1021,
2/26/2024,4.3,2.1,8.4,0,,144,10.3,,1020.4,
2/27/2024,2.7,-1.6,8.4,0,,143,6.9,,1024.6,
2/28/2024,3.7,-1.1,9.5,0,,155,7.8,,1025.6,
2/29/2024,5.4,0,12.1,0,,174,7.2,,1024.7,
3/1/2024,4.7,0.5,10.6,0,,131,3.9,,1023.9,
3/2/2024,3.4,-1.3,9,0,,95,4.5,,1021.7,
3/3/2024,1.7,0.6,5.5,0,,97,6.6,,1019.7,
3/4/2024,3.6,-0.8,9.2,0,,127,5.4,,1019.3,
3/5/2024,5.1,0.5,9.9,0,,71,4.1,,1018.2,
3/6/2024,2,-0.9,4.8,0,,48,7.3,,1022.3,
3/7/2024,-1.3,-3.3,0.7,0,,32,3.7,,1025.9,
3/8/2024,1.6,-4.8,7.6,0,,294,4.3,,1021.7,
3/9/2024,1.9,-1.6,6.7,0,,358,4,,1019.3,
3/10/2024,2.6,-1.5,7.9,0,,56,5.6,,1020.6,
3/11/2024,-0.2,-4.6,4.8,0,,110,8.2,,1027.3,
3/12/2024,-0.7,-2.6,2.5,3.3,,124,6.3,,1023.7,
3/13/2024,1.6,-0.9,3.7,2,71,109,6.4,,1020.1,
3/14/2024,3.1,1,4.9,0.5,20,53,3.4,,1019.4,
3/15/2024,4.6,2.7,7.4,0,,67,2.4,,1020.3,
3/16/2024,5.8,3.6,7.9,0,,187,3.6,,1020.4,
3/17/2024,6.6,4.3,10.2,2.8,,206,8.3,,1016.2,
3/18/2024,2.3,0.8,4.3,16,,327,7.1,,1013.7,
3/19/2024,2.8,0.6,7.6,4.1,,111,4.6,,1014.8,
3/20/2024,2.5,0.8,4.8,8.6,,359,7.6,,1020.1,
3/21/2024,6.6,1.9,11.2,0.1,,32,3.9,,1021.1,
3/22/2024,7.8,2.3,13.1,0,,240,3.5,,1018.3,
3/23/2024,9.6,5.9,12.9,0.2,,220,10.3,,1009.5,
3/24/2024,6.4,4.6,9.8,1,,226,8.4,,1002.9,
3/25/2024,5,3.2,7.9,2.3,,20,5.6,,1004.8,
3/26/2024,6.3,3.4,10.3,1.5,,2,9.3,,1010,
3/27/2024,6.7,1.8,11.9,0,,150,4.8,,1015,
3/28/2024,9.2,2.2,15,0.4,,158,10.9,,1008.3,
3/29/2024,9.6,7.8,11.7,7,,255,5.9,,1007.2,
3/30/2024,13.2,7,19.8,0,,204,7.9,,1014.7,
3/31/2024,17.3,10.5,25,0,,178,8.6,,1013.7,
4/1/2024,17.9,11.3,24.6,0,,185,10.1,,1009.4,
4/2/2024,16.4,12.4,24.9,1.9,,188,10,,1000.4,
4/3/2024,11.7,8.3,15.5,0.5,,251,19.2,,1003.1,
4/4/2024,8.4,6.3,12,0.1,,303,9.1,,1012.7,
4/5/2024,9.8,1.4,17.3,0,,145,3.4,,1018.5,
4/6/2024,12.6,9.3,18.8,2.6,,261,7,,1016.3,
4/7/2024,13.1,8.3,17.8,0,,311,4.9,,1020.6,
4/8/2024,16.7,9.5,23,0,,231,4.7,,1022,
4/9/2024,19.1,11.8,25.3,0,,212,7.3,,1018.4,
4/10/2024,20.6,14.1,26,0,,230,5.3,,1019.1,
4/11/2024,18.7,14.7,22.9,0,,321,7.6,,1024.2,
4/12/2024,15.2,9.8,19.9,0,,319,8,,1025.3,
4/13/2024,15.1,11.5,19.6,0.5,,299,7.6,,1019.9,
4/14/2024,15.9,9.8,21.8,1.5,,276,8.1,,1014.3,
4/15/2024,10.8,8.7,16.6,3.3,,289,6.7,,1009.4,
4/16/2024,13.1,7,19.1,7.1,,232,4.3,,1002.6,
4/17/2024,7.4,6.9,8.1,15,,358,8.6,,1001.4,
4/18/2024,6.6,5.5,7.5,13.2,,355,8.9,,1000.2,
4/19/2024,6.2,3.5,9.7,7.1,,270,12.6,,1004.3,
4/20/2024,8.4,-0.2,14.5,0,,148,4.7,,1014.6,
4/21/2024,6.7,5.6,11.9,25.9,,352,13.1,,1005.3,
4/22/2024,8.9,4.4,12.6,0.7,,258,11.7,,1013.3,
4/23/2024,10.3,6.5,14.3,0.7,,302,2.9,,1021.1,
4/24/2024,10.5,8.9,12.1,8.9,,127,5.9,,1008.8,
4/25/2024,13.6,7.4,19.7,0,,166,4.5,,1006,
4/26/2024,11.9,10.3,14.5,0.2,,336,8.1,,1009.7,
4/27/2024,13.3,8.8,18.2,0,,357,5.9,,1020.3,
4/28/2024,15,8.3,20.2,0,,24,3.6,,1026.1,
4/29/2024,15.7,10.2,20.6,0,,36,6.6,,1030.2,
4/30/2024,16.2,8.8,22.7,0,,93,3.7,,1033,
5/1/2024,18,10.9,24.3,0,,166,1.9,,1025.7,
5/2/2024,19.8,12.7,25,0,,343,4.8,,1016.3,
5/3/2024,15.9,12.2,20.2,0,,47,7.3,,1013.4,
5/4/2024,12.9,7.2,18.3,0,,70,4.1,,1016.2,
5/5/2024,17.2,10.3,24.1,0.8,,245,8.6,,1011.9,
5/6/2024,18.3,13.6,26,0,,260,7.3,,1008.8,
5/7/2024,15.4,10.7,20,3.3,,297,12,,1008.2,
5/8/2024,9.4,5.4,15.7,0,,7,6.3,,1021.5,
5/9/2024,10,5.8,14.6,0,,22,5.9,,1024.3,
5/10/2024,13.8,4.5,20.4,0,,250,4.9,,1020.7,
5/11/2024,13.7,10.9,17.9,0.3,,335,8.3,,1015.3,
5/12/2024,8.6,5,11.6,0.2,,8,6.5,,1020,
5/13/2024,7.9,5,10.7,0.7,,21,5.7,,1020.7,
5/14/2024,9.5,2.9,14.2,0,,55,4.6,,1021.4,
5/15/2024,11.3,3.8,16.9,0,,62,5.5,,1024.2,
5/16/2024,13.1,8.4,17.4,0,,80,2.6,,1026,
5/17/2024,15.7,7.7,21.8,0,,303,3.1,,1022.5,
5/18/2024,18.3,13,24.6,0,,272,2.9,,1017.6,
5/19/2024,18.5,12.7,24.9,0,,260,4.9,,1016.2,
5/20/2024,19.3,11.9,26,0,,179,5.2,,1016,
5/21/2024,19.3,12.2,26.6,0,,174,4.3,,1017.4,
5/22/2024,21,12.8,28,0,,134,5,,1016.8,
5/23/2024,19.3,16,27.4,2.8,,70,4.8,,1018,
5/24/2024,21.1,15,26.7,0,,88,5.8,,1023,
5/25/2024,18.8,12.9,24.8,0,,114,4,,1025.5,
5/26/2024,19.8,11.5,25.1,0,,61,3.3,,1023.7,
5/27/2024,22.1,14.5,27.4,0,,59,5.4,,1022,
5/28/2024,20.4,15.2,26.4,0.2,,98,3.6,,1018.7,
5/29/2024,21.4,16.8,26.7,0,,95,4.4,,1013.9,
5/30/2024,17.6,14.8,22.3,2,,201,4.9,,1010.1,
5/31/2024,18.2,13.3,23.7,0.3,,174,5.7,,1011.8,
6/1/2024,21.7,14.8,28.9,0.8,,178,5.3,,1013.3,
6/2/2024,20.6,17.3,26.7,6.4,,208,5.7,,1012.5,
6/3/2024,20.1,15.7,25.6,0,,260,8.3,,1012.1,
6/4/2024,22.2,17.1,28.8,0,,217,3.1,,1011.2,
6/5/2024,21.2,15.7,27,0.9,,233,7.2,,1009.6,
6/6/2024,21.7,16.6,26.5,0.9,,291,9.3,,1011.7,
6/7/2024,21.8,17.3,26.6,0,,299,5.2,,1015.7,
6/8/2024,20.7,16.4,24.6,7.1,,272,4.8,,1013.1,
6/9/2024,21.6,13.8,26.5,0,,199,4.8,,1010.8,
6/10/2024,23.6,18,27.8,1.2,,186,5.6,,1007.3,
6/11/2024,22.7,19,28.2,2.3,,205,8.9,,1005.8,
6/12/2024,16.9,15.6,19,50,,326,8,,1008.1,
6/13/2024,18.7,13.4,23.2,0,,338,6.7,,1014.3,
6/14/2024,19.2,15.8,22.2,7.8,,36,2.4,,1012.2,
6/15/2024,17.8,16.2,21.8,26.9,,8,8.4,,1011.4,
6/16/2024,18.6,17,23.1,7.9,,1,8.4,,1009.9,
6/17/2024,21.2,17.3,27.2,2.2,,296,7.6,,1009.9,
6/18/2024,23.3,18.2,28.1,0,,293,5.7,,1016.2,
6/19/2024,24.9,19.8,29,0,,217,7.3,,1017,
6/20/2024,21.3,18.4,23.2,0.6,,286,12.8,,1014.2,
6/21/2024,20.3,14.7,25.1,0,,293,6.6,,1018.3,
6/22/2024,22.9,16,28.2,0,,246,4.4,,1013,
6/23/2024,21.2,19.5,26.7,14,,274,5.9,,1009.7,
6/24/2024,19.1,16.2,22.2,0.5,,302,7.1,,1012.6,
6/25/2024,20.7,15.6,25.3,0.2,,352,9,,1016.1,
6/26/2024,22.2,15.1,27.4,0,,336,4.1,,1017.9,
6/27/2024,24.6,19,29.3,0,,7,4.4,,1015.3,
6/28/2024,23.7,18.1,28.8,0,,115,2.7,,1016.5,
6/29/2024,25.8,20.4,30.2,0,,239,3.3,,1016.9,
6/30/2024,26.8,20.6,31.9,0,,213,5,,1015.2,
7/1/2024,26.7,20.2,32.2,0,,191,6.7,,1010.6,
7/2/2024,25.5,20.9,31.2,0,,187,7.3,,1004.4,
7/3/2024,22.3,20.8,26.3,1.9,,343,6.3,,1003.1,
7/4/2024,23.4,18.1,30.1,0.7,,286,5.9,,1004,
7/5/2024,20.9,17.8,24.7,4.1,,316,8.8,,1009.6,
7/6/2024,21,15.5,26.3,0,,345,3.9,,1017.6,
7/7/2024,22,15.5,27.8,0,,137,3.5,,1019.4,
7/8/2024,23.4,16.8,29.2,0,,65,1.5,,1017.9,
7/9/2024,26.2,19.1,31.4,0,,8,6.3,,1018.8,
7/10/2024,27.1,22.3,32.3,3.6,,17,7.8,,1019.9,
7/11/2024,28.1,21.7,34.2,0,,64,3.4,,1018.8,
7/12/2024,29,22.8,34.1,0,,171,2.4,,1015.4,
7/13/2024,29.6,23.1,35.8,0,,175,4.4,,1013,
7/14/2024,28.1,22.7,35.9,0,,193,5.9,,1012.8,
7/15/2024,28.1,21.2,34.2,0,,325,2.1,,1014.1,
7/16/2024,27.9,23.7,36,0.5,,56,4.4,,1015.1,
7/17/2024,26.3,22.1,35.6,0.5,,242,3.4,,1016,
7/18/2024,24.4,20.6,31.9,4.1,,314,4.7,,1016.7,
7/19/2024,23.6,19.9,26.8,0,,351,8.3,,1016.1,
7/20/2024,24,18.8,27.9,0,,346,2.5,,1012.7,
7/21/2024,24.3,17.4,30.1,0,,261,1.8,,1010.4,
7/22/2024,22.7,19.9,28.8,2.3,,342,3.1,,1010.2,
7/23/2024,22.9,17.1,27.5,0,,357,5,,1011.8,
7/24/2024,22.8,18.5,27.5,1.4,,52,3,,1010.4,
7/25/2024,21.6,15.7,27,0,,92,2.6,,1009,
7/26/2024,23.6,17.9,28.4,0.2,,31,2.1,,1009.6,
7/27/2024,23.2,18.9,29.2,15.4,,314,2.1,,1015.5,
7/28/2024,24.9,19.7,30.1,0,,272,4.8,,1016,
7/29/2024,20.1,14.5,24.2,0,,276,14.1,,1010.8,
7/30/2024,18.6,15.2,21.8,2.8,,308,13.9,,1007.1,
7/31/2024,21,15.9,25.9,0.3,,314,8.3,,1011.3,
8/1/2024,23.3,16.3,29,0,,282,5.4,,1009.6,
8/2/2024,22.8,17,28.3,0,,326,3.6,,1007.4,
8/3/2024,19.9,16.7,25.5,10.8,,82,3.2,,1004.8,
8/4/2024,19.8,15.3,24.4,0.6,,5,8.7,,1006.5,
8/5/2024,21.6,16.1,27.3,0,,336,2.5,,1009.4,
8/6/2024,21.2,16.5,27.4,0.7,,20,2.2,,1009.7,
8/7/2024,21.6,18,26.3,0.8,,317,4.2,,1011.7,
8/8/2024,22.6,17,27.1,0,,339,3.7,,1012.6,
8/9/2024,22.4,16.7,28.6,0,,207,1.7,,1014,
8/10/2024,22.6,18.4,27.9,0,,291,3.8,,1014.7,
8/11/2024,21.8,18.3,25.7,0,,305,7.4,,1015,
8/12/2024,18.7,14.4,22.8,0,,304,7.2,,1013.8,
8/13/2024,18.8,15,22.8,0,,330,7.1,,1013.3,
8/14/2024,19.2,13.4,25,0,,340,3.9,,1018.6,
8/15/2024,21.6,15.9,27.4,0,,344,2.4,,1018.8,
8/16/2024,22,15.8,28.3,0,,148,1.1,,1018.2,
8/17/2024,23.1,16.2,30.4,0,,151,2,,1014.9,
8/18/2024,24.6,17.7,34.3,0.4,,179,3.4,,1011.6,
8/19/2024,27.1,19.5,35.1,0,,166,2.4,,1011.1,
8/20/2024,29.3,19.5,35.5,0,,177,2.7,,1012.5,
8/21/2024,27.4,19.8,35.2,0,,166,1.8,,1009.9,
8/22/2024,24.7,19.9,30.4,1.2,,312,5.8,,1008.6,
8/23/2024,20.2,15.6,25.2,0,,346,8,,1015.5,
8/24/2024,22.4,15.9,28.2,0,,4,3.1,,1019.2,
8/25/2024,25.7,18,33,0,,55,3.3,,1018.3,
8/26/2024,26.4,20,32.6,0,,38,3.8,,1016.9,
8/27/2024,26.3,19.5,33.8,0,,45,5.1,,1016.7,
8/28/2024,26.7,20.7,32.3,,,50,6.3,,1018.3,
8/29/2024,26.5,21.8,33,,,53,6.1,,1018.5,
8/30/2024,25.8,19.4,32.6,,,52,6.5,,1017.5,
8/31/2024,23.9,18.4,30.1,,,37,5.7,,1017.6,
9/1/2024,25,19.8,33,,,53,5,,1017.7,
9/2/2024,25.3,21.6,30.2,,,43,6.3,,1017.9,
9/3/2024,24.6,18.8,32.2,,,27,5.7,,1017.9,
9/4/2024,24.7,21.1,29.3,,,45,7,,1019.4,
9/5/2024,22.9,18.5,28.1,0,,58,8.5,,1020.1,
9/6/2024,21.9,16.9,27.7,0,,83,5.8,,1024.1,
9/7/2024,20.3,13.8,27.3,0,,93,4.2,,1026.1,
9/8/2024,20,12.9,27.2,0,,83,2.6,,1023.2,
9/9/2024,20,13.6,27.7,0,,96,3,,1016.9,
9/10/2024,19.1,11.7,26.5,0,,96,1.4,,1010.2,
9/11/2024,21.9,15.7,27.6,0.3,,130,1.7,,1008.9,
9/12/2024,21.2,18.5,27.1,17,,120,2.8,,1009,
9/13/2024,20.1,16.3,24.5,0.7,,144,3.7,,1010.3,
9/14/2024,21.6,17.1,27.7,0.1,,110,6.6,,1010.4,
9/15/2024,23.8,19.4,28.8,0,,116,8,,1012.8,
9/16/2024,22.4,17.5,27.4,0,,86,10.5,,1016.5,
9/17/2024,21.2,16.7,28.5,0,,58,6.6,,1023.4,
9/18/2024,17.9,16.4,23.2,0.3,,53,6.6,,1026.1,
9/19/2024,17.3,10.4,23.9,0,,49,6.3,,1027.4,
9/20/2024,18.5,12.5,23.8,0,,10,5.9,,1026.3,
9/21/2024,17.8,12.1,23.9,0,,13,2.1,,1023.8,
9/22/2024,19.4,13.7,25,0,,5,3.3,,1020.4,
9/23/2024,18,12.4,24.9,0,,50,1.6,,1018.8,
9/24/2024,19.2,11.6,27.5,0,,145,3.3,,1018.1,
9/25/2024,19.4,12.6,26.8,0,,173,8.1,,1018.3,
9/26/2024,18.1,14.6,23.9,1.2,,171,6.7,,1016,
9/27/2024,22.3,17.3,27.3,0,,186,11.2,,1010.9,
9/28/2024,22.8,17.5,29.1,0,,188,9.8,,1012,
9/29/2024,15.7,12.7,19.4,0,,0,9.9,,1013.5,
9/30/2024,12.5,10.6,14.7,0,,12,16.5,,1014.5,
10/1/2024,12.9,8.7,16.6,0,,355,9.7,,1012.3,
10/2/2024,12.8,9.5,17.6,0,,347,5.3,,1013.7,
10/3/2024,15.7,9.4,22.4,0.3,,154,3.7,,1013.5,
10/4/2024,17.2,12.3,22.7,0,,158,5,,1012.7,
10/5/2024,15.5,14.8,17.3,3.8,,8,3,,1012.5,
10/6/2024,15.9,14.3,19.7,31,,214,4.3,,1008.2,
10/7/2024,11.2,10.1,13,16,,315,7.4,,1008.4,
10/8/2024,12.1,8.1,16.9,0,,282,7.4,,1013.5,
10/9/2024,14.3,8.2,21.6,0,,139,2.8,,1012.1,
10/10/2024,15.1,11.3,21.2,0,,161,4.8,,1007.4,
10/11/2024,15.5,11.7,20.3,7,,164,4,,1007.5,
10/12/2024,12,11,12.9,6.1,,337,11.2,,1013.9,
10/13/2024,9.6,8.1,11.9,0,,317,5.4,,1014.3,
10/14/2024,9.2,6.7,12,0.5,,243,10.1,,1012.3,
10/15/2024,8.9,7.7,12.3,0,,281,7,,1018.4,
10/16/2024,7.3,5.1,9.5,1.1,,332,6.9,,1025.9,
10/17/2024,6.7,3.6,9.3,0,,4,10.2,,1032.6,
10/18/2024,6,3.2,9.8,0,,15,4.4,,1031.1,
10/19/2024,5.9,3.1,8.6,0,,22,5.2,,1031.3,
10/20/2024,5.8,2.3,10.7,0,,355,5.1,,1033,
10/21/2024,8.4,2.1,16.1,0,,326,2.8,,1033.5,
10/22/2024,10.9,4.1,18.8,0,,255,4,,1030.3,
10/23/2024,10.6,7.7,14.5,0,,287,9,,1027.5,
10/24/2024,8.4,5.1,12.1,0,,306,6,,1031.6,
10/25/2024,9,7,11,0,,315,6.1,,1028.2,
10/26/2024,9.3,7.4,13.2,0,,279,2.5,,1028.3,
10/27/2024,9.4,2.5,15.7,0,,212,5.5,,1024.9,
10/28/2024,11.7,7.3,17.3,0,,309,3.9,,1020.7,
10/29/2024,8.6,6,13.5,0,,317,3.2,,1023.8,
10/30/2024,9.3,5.9,12.5,0,,233,4.3,,1021.4,
10/31/2024,11,9.1,12.2,0.1,,293,7.6,,1018.1,
11/1/2024,10,8,12.1,0,,265,13.4,,1011.8,
11/2/2024,9.2,4.8,12,2,,309,16.3,,1013.1,
11/3/2024,3.8,0.8,7,0,,288,10.3,,1025.2,
11/4/2024,4.8,1.6,6.8,0.5,,319,18,,1016.6,
11/5/2024,2.6,-2.1,5.7,0,,299,8.4,,1028.9,
11/6/2024,5.5,3.4,7.4,0,,298,8.1,,1029.1,
11/7/2024,6.2,2.2,11.1,0,,297,5.7,,1032.1,
11/8/2024,4.6,2.2,6.2,0,,338,5.9,,1033.4,
11/9/2024,4.9,4,5.8,0,,19,1.4,,1035.5,
11/10/2024,3.3,2.4,4.5,0,,356,3.1,,1032.9,
11/11/2024,1.7,0.6,2.4,0,,62,1,,1032.5,
11/12/2024,3,1.6,4.1,0,,108,0.8,,1033.3,
11/13/2024,2.9,1.9,4.7,0.1,,154,2.1,,1029,
11/14/2024,1.4,-0.2,2.7,2.1,,275,4.6,,1020.9,
11/15/2024,0.9,-0.3,2.5,0.5,,283,6.7,,1016.2,
11/16/2024,3.2,0.7,4.7,0,,264,7.6,,1019.2,
11/17/2024,5.1,1.7,9.7,0,,232,8.4,,1011.8,
11/18/2024,3.7,1.9,6,0,,243,8.9,,1008.2,
11/19/2024,3.6,1.2,5.9,0,,229,9.3,,1012.3,
11/20/2024,7.3,2.2,11.4,0,,179,17,,999.6,
11/21/2024,2.1,-0.2,8.2,17.9,,298,9.7,,995.4,
11/22/2024,-0.4,-4.1,3,17.4,,173,8.7,,1005.8,
11/23/2024,0.6,-0.9,2.9,6.3,,315,10.5,,1007.2,
11/24/2024,-0.9,-4,1.6,0,41,283,5.4,,1029.2,
11/25/2024,-2.7,-5.8,2.1,0,41,170,2.7,,1033.1,
11/26/2024,-3,-4.8,1.2,0,41,146,3.5,,1026.8,
11/27/2024,-3.6,-5.8,-1,0,,202,3.6,,1024.4,
11/28/2024,1.1,-1.7,3,0,51,236,3.4,,1025.4,
11/29/2024,0.2,0,0.7,2,,137,5.9,,1027,
11/30/2024,0.5,-0.3,1.1,1.5,30,65,0,,1035.8,
12/1/2024,0.6,0,1.5,0,,157,1.6,,1035.7,
12/2/2024,1,0.1,1.7,0,20,186,3.2,,1029.5,
12/3/2024,-1.5,-2.6,-0.1,0,,185,6.1,,1024.7,
12/4/2024,-3.3,-3.9,-2.6,0,,140,1.6,,1026.5,
12/5/2024,-2.6,-3.7,-1.4,0,,66,1.1,,1030.9,
12/6/2024,-0.9,-1.7,-0.3,1.2,,137,3.5,,1026.2,
12/7/2024,1.9,-0.6,2.4,14,10,138,7.5,,1020.9,
12/8/2024,0.3,-1.1,1.7,1.6,,125,8.1,,1020.7,
12/9/2024,0.2,-0.7,1.1,1,,99,7.4,,1024.5,
12/10/2024,-0.1,-0.4,0.2,8.1,79,56,7.1,,1025.3,
12/11/2024,-0.3,-1.4,0.3,4.1,41,354,8.4,,1023.3,
12/12/2024,-1.2,-1.8,-0.7,,41,331,11.5,,1024.3,
12/13/2024,-4.3,-5.7,-3,,41,322,11.9,,1029.8,
12/14/2024,-6.1,-9.8,-1.6,0,30,226,8,,1025.5,
12/15/2024,-1.2,-5.2,1.1,2.1,,253,10,,1008.9,
12/16/2024,3.4,0.7,5.9,5.3,30,271,16.1,,1007.1,
12/17/2024,4.4,3.4,7.8,13,,287,14,,1007.5,
12/18/2024,1.7,-0.3,3.4,0,,311,10.3,,1016.7,
12/19/2024,4.7,-0.7,8,0,,211,8,,1011.7,
12/20/2024,2.9,0.9,3.8,1.4,,211,8,,1006.4,
12/21/2024,2.1,-0.1,4.2,1.9,,323,5,,1015.4,
12/22/2024,-1.7,-3.1,0.3,0,,239,2.1,,1013.7,
12/23/2024,-2.1,-3.7,-0.9,0,,157,1.3,,1011.3,
12/24/2024,0.4,-1.2,1.4,0.3,10,64,1.9,,1020.2,
12/25/2024,-0.1,-1.2,0.8,0.1,,12,8.1,,1032.6,
12/26/2024,0.4,-2.1,2.3,0.1,,336,5.4,,1037.2,
12/27/2024,0.4,-0.1,0.9,1,,3,2.7,,1032,
12/28/2024,-0.1,-0.3,0.2,0.3,10,358,3.1,,1029.9,
12/29/2024,-0.7,-1.3,0.1,0,,266,3.4,,1027.3,
12/30/2024,0.3,-0.9,1.2,0,,262,7.7,,1023.1,
12/31/2024,1.3,0.3,2.4,0,,280,10.6,,1022.3,
1/1/2025,4.3,-1.5,9.1,0,,254,11.2,,1019.6,
1/2/2025,8,5.7,11.4,0,,246,18.2,,1009.2,
1/3/2025,1.6,-2.1,5.7,2,,281,6,,1008.5,
1/4/2025,-1.4,-2.7,-0.1,0.3,,269,13.9,,1010.8,
1/5/2025,-3.4,-6.1,0.1,0,,228,8.7,,1020.4,
1/6/2025,-1.9,-6.7,2.2,0.1,,163,7,,1013.4,
1/7/2025,3.9,0.9,7,0,,194,8.5,,1011.1,
1/8/2025,4.3,3.2,6,4,,215,5.2,,1009.6,
1/9/2025,2.6,0.9,3.8,5.1,,234,4.8,,1014.6,
1/10/2025,5.5,2.4,8.7,3.3,,180,8.3,,1008.1,
1/11/2025,0.1,-2,2.3,5.7,51,262,7.2,,1012.1,
1/12/2025,-2.6,-4.5,0.5,0,41,201,3.1,,1018.3,
1/13/2025,-1.6,-4,-0.9,0,30,340,5,,1030.3,
1/14/2025,-1.7,-4.1,-0.5,0,,262,11.8,,1030.1,
1/15/2025,0.4,-0.7,1.7,0,,285,6.7,,1022.4,
1/16/2025,0.8,0.3,2,0,,304,6.3,,1030.3,
1/17/2025,1.5,0.5,2.3,0,,309,10.9,,1027.7,
1/18/2025,2.7,1.3,6.5,0,,316,12,,1023.3,
1/19/2025,3.1,1.7,5,0,,328,12,,1023.1,
1/20/2025,0.5,-0.2,1.4,0,,328,6.6,,1024.7,
1/21/2025,-0.3,-1.4,0.5,0,,159,4.7,,1025.9,
1/22/2025,-0.3,-1.7,1.2,1.8,,147,5.4,,1021.4,
1/23/2025,0.3,-0.1,0.8,0.8,,145,3.6,,1018.6,
1/24/2025,1,0,2.2,0,,174,4.1,,1017.8,
1/25/2025,2.2,1.3,3.9,0,,232,2.7,,1021.9,
